name,latency,throughput(ipc),throughput(cpi)
vabsd_b,2.00,2.00,0.50
vabsd_bu,2.00,2.00,0.50
vabsd_d,2.00,2.00,0.50
vabsd_du,2.00,2.00,0.50
vabsd_h,2.00,2.00,0.50
vabsd_hu,2.00,2.00,0.50
vabsd_w,2.00,2.00,0.50
vabsd_wu,2.00,2.00,0.50
vadd_b,1.00,4.00,0.25
vadd_d,1.00,4.00,0.25
vadd_h,1.00,4.00,0.25
vadd_q,3.00,2.00,0.50
vadd_w,1.00,4.00,0.25
vadda_b,3.00,2.00,0.50
vadda_d,3.00,2.00,0.50
vadda_h,3.00,2.00,0.50
vadda_w,3.00,2.00,0.50
vaddi_bu,1.00,4.00,0.25
vaddi_du,1.00,4.00,0.25
vaddi_hu,1.00,4.00,0.25
vaddi_wu,1.00,4.00,0.25
vaddwev_d_w,2.00,2.00,0.50
vaddwev_d_wu,2.00,2.00,0.50
vaddwev_d_wu_w,2.00,2.00,0.50
vaddwev_h_b,2.00,2.00,0.50
vaddwev_h_bu,2.00,2.00,0.50
vaddwev_h_bu_b,2.00,2.00,0.50
vaddwev_q_d,3.00,2.00,0.50
vaddwev_q_du,3.00,2.00,0.50
vaddwev_q_du_d,3.00,2.00,0.50
vaddwev_w_h,2.00,2.00,0.50
vaddwev_w_hu,2.00,2.00,0.50
vaddwev_w_hu_h,2.00,2.00,0.50
vaddwod_d_w,2.00,2.00,0.50
vaddwod_d_wu,2.00,2.00,0.50
vaddwod_d_wu_w,2.00,2.00,0.50
vaddwod_h_b,2.00,2.00,0.50
vaddwod_h_bu,2.00,2.00,0.50
vaddwod_h_bu_b,2.00,2.00,0.50
vaddwod_q_d,3.00,2.00,0.50
vaddwod_q_du,3.00,2.00,0.50
vaddwod_q_du_d,3.00,2.00,0.50
vaddwod_w_h,2.00,2.00,0.50
vaddwod_w_hu,2.00,2.00,0.50
vaddwod_w_hu_h,2.00,2.00,0.50
vand_v,1.00,4.00,0.25
vandi_b,1.00,4.00,0.25
vandn_v,1.00,4.00,0.25
vavg_b,1.00,4.00,0.25
vavg_bu,1.00,4.00,0.25
vavg_d,2.00,4.00,0.25
vavg_du,2.00,4.00,0.25
vavg_h,1.00,4.00,0.25
vavg_hu,1.00,4.00,0.25
vavg_w,1.00,4.00,0.25
vavg_wu,1.00,4.00,0.25
vavgr_b,1.00,4.00,0.25
vavgr_bu,1.00,4.00,0.25
vavgr_d,2.00,4.00,0.25
vavgr_du,2.00,4.00,0.25
vavgr_h,1.00,4.00,0.25
vavgr_hu,1.00,4.00,0.25
vavgr_w,1.00,4.00,0.25
vavgr_wu,1.00,4.00,0.25
vbitclr_b,2.00,2.00,0.50
vbitclr_d,2.00,2.00,0.50
vbitclr_h,2.00,2.00,0.50
vbitclr_w,2.00,2.00,0.50
vbitclri_b,2.00,2.00,0.50
vbitclri_d,2.00,2.00,0.50
vbitclri_h,2.00,2.00,0.50
vbitclri_w,2.00,2.00,0.50
vbitrev_b,2.00,2.00,0.50
vbitrev_d,2.00,2.00,0.50
vbitrev_h,2.00,2.00,0.50
vbitrev_w,2.00,2.00,0.50
vbitrevi_b,2.00,2.00,0.50
vbitrevi_d,2.00,2.00,0.50
vbitrevi_h,2.00,2.00,0.50
vbitrevi_w,2.00,2.00,0.50
vbitsel_v,1.00,2.00,0.50
vbitseli_b,1.00,2.00,0.50
vbitset_b,2.00,2.00,0.50
vbitset_d,2.00,2.00,0.50
vbitset_h,2.00,2.00,0.50
vbitset_w,2.00,2.00,0.50
vbitseti_b,2.00,2.00,0.50
vbitseti_d,2.00,2.00,0.50
vbitseti_h,2.00,2.00,0.50
vbitseti_w,2.00,2.00,0.50
vbsll_v,1.00,4.00,0.25
vbsrl_v,1.00,4.00,0.25
vclo_b,2.00,4.00,0.25
vclo_d,2.00,4.00,0.25
vclo_h,2.00,4.00,0.25
vclo_w,2.00,4.00,0.25
vclz_b,2.00,4.00,0.25
vclz_d,2.00,4.00,0.25
vclz_h,2.00,4.00,0.25
vclz_w,2.00,4.00,0.25
vdiv_b,29.00/32.50,0.07,13.50
vdiv_bu,29.00/36.00,0.07,13.50
vdiv_d,8.00/18.50,0.33,3.00
vdiv_du,8.00/18.50,0.33,3.00
vdiv_h,17.00/21.50,0.13,7.50
vdiv_hu,17.00/21.50,0.13,7.50
vdiv_w,11.00/17.50,0.22,4.50
vdiv_wu,11.00/17.50,0.22,4.50
vext2xv_d_b,3.00,3.99,0.25
vext2xv_d_h,3.00,3.99,0.25
vext2xv_d_w,3.00,3.99,0.25
vext2xv_du_bu,3.00,3.99,0.25
vext2xv_du_hu,3.00,4.00,0.25
vext2xv_du_wu,3.00,4.00,0.25
vext2xv_h_b,3.00,3.99,0.25
vext2xv_hu_bu,3.00,3.99,0.25
vext2xv_w_b,3.00,3.99,0.25
vext2xv_w_h,3.00,3.99,0.25
vext2xv_wu_bu,3.00,3.99,0.25
vext2xv_wu_hu,3.00,4.00,0.25
vexth_d_w,1.00,4.00,0.25
vexth_du_wu,1.00,4.00,0.25
vexth_h_b,1.00,4.00,0.25
vexth_hu_bu,1.00,4.00,0.25
vexth_q_d,1.00,4.00,0.25
vexth_qu_du,1.00,4.00,0.25
vexth_w_h,1.00,4.00,0.25
vexth_wu_hu,1.00,4.00,0.25
vextl_q_d,1.00,4.00,0.25
vextl_qu_du,1.00,4.00,0.25
vextrins_b,1.00,4.00,0.25
vextrins_d,1.00,4.00,0.25
vextrins_h,1.00,4.00,0.25
vextrins_w,1.00,4.00,0.25
vfadd_d,3.00,4.00,0.25
vfadd_s,3.00,4.00,0.25
vfclass_d,2.00,4.00,0.25
vfclass_s,2.00,4.00,0.25
vfcmp_caf_d,2.00,3.99,0.25
vfcmp_caf_s,2.00,4.00,0.25
vfcmp_ceq_d,2.00,3.99,0.25
vfcmp_ceq_s,2.00,4.00,0.25
vfcmp_cle_d,2.00,4.00,0.25
vfcmp_cle_s,2.00,4.00,0.25
vfcmp_clt_d,2.00,3.99,0.25
vfcmp_clt_s,2.00,4.00,0.25
vfcmp_cne_d,2.00,4.00,0.25
vfcmp_cne_s,2.00,4.00,0.25
vfcmp_cor_d,2.00,4.00,0.25
vfcmp_cor_s,2.00,4.00,0.25
vfcmp_cueq_d,2.00,4.00,0.25
vfcmp_cueq_s,2.00,3.99,0.25
vfcmp_cule_d,2.00,4.00,0.25
vfcmp_cule_s,2.00,4.00,0.25
vfcmp_cult_d,2.00,4.00,0.25
vfcmp_cult_s,2.00,4.00,0.25
vfcmp_cun_d,2.00,4.00,0.25
vfcmp_cun_s,2.00,4.00,0.25
vfcmp_cune_d,2.00,4.00,0.25
vfcmp_cune_s,2.00,4.00,0.25
vfcmp_saf_d,2.00,3.99,0.25
vfcmp_saf_s,2.00,3.95,0.25
vfcmp_seq_d,2.00,4.00,0.25
vfcmp_seq_s,2.00,4.00,0.25
vfcmp_sle_d,2.00,4.00,0.25
vfcmp_sle_s,2.00,4.00,0.25
vfcmp_slt_d,2.00,3.99,0.25
vfcmp_slt_s,2.00,4.00,0.25
vfcmp_sne_d,2.00,4.00,0.25
vfcmp_sne_s,2.00,4.00,0.25
vfcmp_sor_d,2.00,4.00,0.25
vfcmp_sor_s,2.00,4.00,0.25
vfcmp_sueq_d,2.00,4.00,0.25
vfcmp_sueq_s,2.00,3.99,0.25
vfcmp_sule_d,2.00,4.00,0.25
vfcmp_sule_s,2.00,4.00,0.25
vfcmp_sult_d,2.00,4.00,0.25
vfcmp_sult_s,2.00,4.00,0.25
vfcmp_sun_d,2.00,4.00,0.25
vfcmp_sun_s,2.00,4.00,0.25
vfcmp_sune_d,2.00,4.00,0.25
vfcmp_sune_s,2.00,4.00,0.25
vfcvt_h_s,3.00,2.00,0.50
vfcvt_s_d,3.00,2.00,0.50
vfcvth_d_s,3.00,2.00,0.50
vfcvth_s_h,3.00,2.00,0.50
vfcvtl_d_s,3.00,2.00,0.50
vfcvtl_s_h,3.00,2.00,0.50
vfdiv_d,8.00/16.50,0.33,3.00
vfdiv_s,11.00,0.22,4.50
vffint_d_l,4.00,4.00,0.25
vffint_d_lu,4.00,4.00,0.25
vffint_s_l,5.00,2.00,0.50
vffint_s_w,4.00,4.00,0.25
vffint_s_wu,4.00,4.00,0.25
vffinth_d_w,5.00,2.00,0.50
vffintl_d_w,5.00,2.00,0.50
vflogb_d,4.00,4.00,0.25
vflogb_s,4.00,4.00,0.25
vfmadd_d,5.00,2.00,0.50
vfmadd_s,5.00,2.00,0.50
vfmax_d,2.00,4.00,0.25
vfmax_s,2.00,4.00,0.25
vfmaxa_d,2.00,4.00,0.25
vfmaxa_s,2.00,4.00,0.25
vfmin_d,2.00,4.00,0.25
vfmin_s,2.00,4.00,0.25
vfmina_d,2.00,4.00,0.25
vfmina_s,2.00,4.00,0.25
vfmsub_d,5.00,2.00,0.50
vfmsub_s,5.00,2.00,0.50
vfmul_d,5.00,2.00,0.50
vfmul_s,5.00,2.00,0.50
vfnmadd_d,5.00,2.00,0.50
vfnmadd_s,5.00,2.00,0.50
vfnmsub_d,5.00,2.00,0.50
vfnmsub_s,5.00,2.00,0.50
vfrecip_d,23.00,0.10,10.50
vfrecip_s,27.00,0.12,8.50
vfrint_d,4.00,2.00,0.50
vfrint_s,4.00,2.00,0.50
vfrintrm_d,4.00,2.00,0.50
vfrintrm_s,4.00,2.00,0.50
vfrintrne_d,4.00,2.00,0.50
vfrintrne_s,4.00,2.00,0.50
vfrintrp_d,4.00,2.00,0.50
vfrintrp_s,4.00,2.00,0.50
vfrintrz_d,4.00,2.00,0.50
vfrintrz_s,4.00,2.00,0.50
vfrsqrt_d,15.00,0.04,26.00
vfrsqrt_s,25.00,0.11,9.50
vfrstp_b,2.00,2.00,0.50
vfrstp_h,2.00,2.00,0.50
vfrstpi_b,2.00,2.00,0.50
vfrstpi_h,2.00,2.00,0.50
vfscaleb_d,4.00,2.00,0.50
vfscaleb_s,4.00,2.00,0.50
vfsqrt_d,36.00,0.06,17.00
vfsqrt_s,25.00,0.09,11.50
vfsub_d,3.00,4.00,0.25
vfsub_s,3.00,4.00,0.25
vftint_l_d,4.00,4.00,0.25
vftint_lu_d,4.00,4.00,0.25
vftint_w_d,5.00,2.00,0.50
vftint_w_s,4.00,4.00,0.25
vftint_wu_s,4.00,4.00,0.25
vftinth_l_s,5.00,2.00,0.50
vftintl_l_s,5.00,2.00,0.50
vftintrm_l_d,4.00,4.00,0.25
vftintrm_w_d,5.00,2.00,0.50
vftintrm_w_s,4.00,4.00,0.25
vftintrmh_l_s,5.00,2.00,0.50
vftintrml_l_s,5.00,2.00,0.50
vftintrne_l_d,4.00,4.00,0.25
vftintrne_w_d,5.00,2.00,0.50
vftintrne_w_s,4.00,4.00,0.25
vftintrneh_l_s,5.00,2.00,0.50
vftintrnel_l_s,5.00,2.00,0.50
vftintrp_l_d,4.00,4.00,0.25
vftintrp_w_d,5.00,2.00,0.50
vftintrp_w_s,4.00,4.00,0.25
vftintrph_l_s,5.00,2.00,0.50
vftintrpl_l_s,5.00,2.00,0.50
vftintrz_l_d,4.00,4.00,0.25
vftintrz_lu_d,4.00,4.00,0.25
vftintrz_w_d,5.00,2.00,0.50
vftintrz_w_s,4.00,4.00,0.25
vftintrz_wu_s,4.00,4.00,0.25
vftintrzh_l_s,5.00,2.00,0.50
vftintrzl_l_s,5.00,2.00,0.50
vhaddw_d_w,2.00,2.00,0.50
vhaddw_du_wu,2.00,2.00,0.50
vhaddw_h_b,2.00,2.00,0.50
vhaddw_hu_bu,2.00,2.00,0.50
vhaddw_q_d,3.00,2.00,0.50
vhaddw_qu_du,3.00,2.00,0.50
vhaddw_w_h,2.00,2.00,0.50
vhaddw_wu_hu,2.00,2.00,0.50
vhsubw_d_w,2.00,2.00,0.50
vhsubw_du_wu,2.00,2.00,0.50
vhsubw_h_b,2.00,2.00,0.50
vhsubw_hu_bu,2.00,2.00,0.50
vhsubw_q_d,3.00,2.00,0.50
vhsubw_qu_du,3.00,2.00,0.50
vhsubw_w_h,2.00,2.00,0.50
vhsubw_wu_hu,2.00,2.00,0.50
vilvh_b,1.00,4.00,0.25
vilvh_d,1.00,4.00,0.25
vilvh_h,1.00,4.00,0.25
vilvh_w,1.00,4.00,0.25
vilvl_b,1.00,4.00,0.25
vilvl_d,1.00,4.00,0.25
vilvl_h,1.00,4.00,0.25
vilvl_w,1.00,4.00,0.25
vinsgr2vr_b,1.00,1.00,1.00
vinsgr2vr_d,1.00,1.00,1.00
vinsgr2vr_h,1.00,1.00,1.00
vinsgr2vr_w,1.00,1.00,1.00
vmadd_b,4.00,2.00,0.50
vmadd_d,4.00,2.00,0.50
vmadd_h,4.00,2.00,0.50
vmadd_w,4.00,2.00,0.50
vmaddwev_d_w,4.00,2.00,0.50
vmaddwev_d_wu,4.00,2.00,0.50
vmaddwev_d_wu_w,4.00,2.00,0.50
vmaddwev_h_b,4.00,2.00,0.50
vmaddwev_h_bu,4.00,2.00,0.50
vmaddwev_h_bu_b,4.00,2.00,0.50
vmaddwev_q_d,7.00,1.14,0.87
vmaddwev_q_du,7.00,1.14,0.87
vmaddwev_q_du_d,7.00,1.14,0.87
vmaddwev_w_h,4.00,2.00,0.50
vmaddwev_w_hu,4.00,2.00,0.50
vmaddwev_w_hu_h,4.00,2.00,0.50
vmaddwod_d_w,4.00,2.00,0.50
vmaddwod_d_wu,4.00,2.00,0.50
vmaddwod_d_wu_w,4.00,2.00,0.50
vmaddwod_h_b,4.00,2.00,0.50
vmaddwod_h_bu,4.00,2.00,0.50
vmaddwod_h_bu_b,4.00,2.00,0.50
vmaddwod_q_d,7.00,1.14,0.87
vmaddwod_q_du,7.00,1.14,0.88
vmaddwod_q_du_d,7.00,1.14,0.87
vmaddwod_w_h,4.00,2.00,0.50
vmaddwod_w_hu,4.00,2.00,0.50
vmaddwod_w_hu_h,4.00,2.00,0.50
vmax_b,1.00,4.00,0.25
vmax_bu,1.00,4.00,0.25
vmax_d,2.00,4.00,0.25
vmax_du,2.00,4.00,0.25
vmax_h,1.00,4.00,0.25
vmax_hu,1.00,4.00,0.25
vmax_w,1.00,4.00,0.25
vmax_wu,1.00,4.00,0.25
vmaxi_b,1.00,4.00,0.25
vmaxi_bu,1.00,4.00,0.25
vmaxi_d,2.00,4.00,0.25
vmaxi_du,2.00,4.00,0.25
vmaxi_h,1.00,4.00,0.25
vmaxi_hu,1.00,4.00,0.25
vmaxi_w,1.00,4.00,0.25
vmaxi_wu,1.00,4.00,0.25
vmin_b,1.00,4.00,0.25
vmin_bu,1.00,4.00,0.25
vmin_d,2.00,4.00,0.25
vmin_du,2.00,4.00,0.25
vmin_h,1.00,4.00,0.25
vmin_hu,1.00,4.00,0.25
vmin_w,1.00,4.00,0.25
vmin_wu,1.00,4.00,0.25
vmini_b,1.00,4.00,0.25
vmini_bu,1.00,4.00,0.25
vmini_d,2.00,4.00,0.25
vmini_du,2.00,4.00,0.25
vmini_h,1.00,4.00,0.25
vmini_hu,1.00,4.00,0.25
vmini_w,1.00,4.00,0.25
vmini_wu,1.00,4.00,0.25
vmod_b,29.00,0.07,13.50
vmod_bu,29.00,0.07,13.50
vmod_d,8.00,0.33,3.00
vmod_du,8.00,0.33,3.00
vmod_h,17.00,0.13,7.50
vmod_hu,17.00,0.13,7.50
vmod_w,11.00,0.22,4.50
vmod_wu,11.00,0.22,4.50
vmskgez_b,1.00,4.00,0.25
vmskltz_b,1.00,3.99,0.25
vmskltz_d,1.00,4.00,0.25
vmskltz_h,1.00,4.00,0.25
vmskltz_w,1.00,4.00,0.25
vmsknz_b,1.00,4.00,0.25
vmsub_b,4.00,2.00,0.50
vmsub_d,4.00,2.00,0.50
vmsub_h,4.00,2.00,0.50
vmsub_w,4.00,2.00,0.50
vmuh_b,4.00,2.00,0.50
vmuh_bu,4.00,2.00,0.50
vmuh_d,4.00,2.00,0.50
vmuh_du,4.00,2.00,0.50
vmuh_h,4.00,2.00,0.50
vmuh_hu,4.00,2.00,0.50
vmuh_w,4.00,2.00,0.50
vmuh_wu,4.00,2.00,0.50
vmul_b,4.00,2.00,0.50
vmul_d,4.00,2.00,0.50
vmul_h,4.00,2.00,0.50
vmul_w,4.00,2.00,0.50
vmulwev_d_w,4.00,2.00,0.50
vmulwev_d_wu,4.00,2.00,0.50
vmulwev_d_wu_w,4.00,2.00,0.50
vmulwev_h_b,4.00,2.00,0.50
vmulwev_h_bu,4.00,2.00,0.50
vmulwev_h_bu_b,4.00,2.00,0.50
vmulwev_q_d,7.00,2.00,0.50
vmulwev_q_du,7.00,2.00,0.50
vmulwev_q_du_d,7.00,2.00,0.50
vmulwev_w_h,4.00,2.00,0.50
vmulwev_w_hu,4.00,2.00,0.50
vmulwev_w_hu_h,4.00,2.00,0.50
vmulwod_d_w,4.00,2.00,0.50
vmulwod_d_wu,4.00,2.00,0.50
vmulwod_d_wu_w,4.00,2.00,0.50
vmulwod_h_b,4.00,2.00,0.50
vmulwod_h_bu,4.00,2.00,0.50
vmulwod_h_bu_b,4.00,2.00,0.50
vmulwod_q_d,7.00,2.00,0.50
vmulwod_q_du,7.00,2.00,0.50
vmulwod_q_du_d,7.00,2.00,0.50
vmulwod_w_h,4.00,2.00,0.50
vmulwod_w_hu,4.00,2.00,0.50
vmulwod_w_hu_h,4.00,2.00,0.50
vneg_b,1.00,4.00,0.25
vneg_d,1.00,4.00,0.25
vneg_h,1.00,4.00,0.25
vneg_w,1.00,4.00,0.25
vnor_v,1.00,4.00,0.25
vnori_b,1.00,4.00,0.25
vor_v,1.00,4.00,0.25
vori_b,1.00,4.00,0.25
vorn_v,1.00,4.00,0.25
vpackev_b,1.00,4.00,0.25
vpackev_d,1.00,4.00,0.25
vpackev_h,1.00,4.00,0.25
vpackev_w,1.00,4.00,0.25
vpackod_b,1.00,4.00,0.25
vpackod_d,1.00,4.00,0.25
vpackod_h,1.00,4.00,0.25
vpackod_w,1.00,4.00,0.25
vpcnt_b,2.00,2.00,0.50
vpcnt_d,2.00,2.00,0.50
vpcnt_h,2.00,2.00,0.50
vpcnt_w,2.00,2.00,0.50
vpermi_w,1.00,4.00,0.25
vpickev_b,1.00,4.00,0.25
vpickev_d,1.00,4.00,0.25
vpickev_h,1.00,4.00,0.25
vpickev_w,1.00,4.00,0.25
vpickod_b,1.00,4.00,0.25
vpickod_d,1.00,4.00,0.25
vpickod_h,1.00,4.00,0.25
vpickod_w,1.00,4.00,0.25
vpickve2gr_b,1.00,1.00,1.00
vpickve2gr_bu,1.00,1.00,1.00
vpickve2gr_d,1.00,1.00,1.00
vpickve2gr_du,1.00,1.00,1.00
vpickve2gr_h,1.00,1.00,1.00
vpickve2gr_hu,1.00,1.00,1.00
vpickve2gr_w,1.00,1.00,1.00
vpickve2gr_wu,1.00,1.00,1.00
vreplgr2vr_b,,1.00,1.00
vreplgr2vr_d,,1.00,1.00
vreplgr2vr_h,,1.00,1.00
vreplgr2vr_w,,1.00,1.00
vrepli_b,,5.98,0.17
vrepli_d,,4.00,0.25
vrepli_h,,4.00,0.25
vrepli_w,,4.00,0.25
vreplve_b,1.00,1.00,1.00
vreplve_d,1.00,1.00,1.00
vreplve_h,1.00,1.00,1.00
vreplve_w,1.00,1.00,1.00
vreplvei_b,1.00,4.00,0.25
vreplvei_d,1.00,4.00,0.25
vreplvei_h,1.00,4.00,0.25
vreplvei_w,1.00,4.00,0.25
vrotr_b,1.00,4.00,0.25
vrotr_d,1.00,3.99,0.25
vrotr_h,1.00,4.00,0.25
vrotr_w,1.00,4.00,0.25
vrotri_b,1.00,4.00,0.25
vrotri_d,1.00,4.00,0.25
vrotri_h,1.00,4.00,0.25
vrotri_w,1.00,4.00,0.25
vsadd_b,1.00,4.00,0.25
vsadd_bu,1.00,4.00,0.25
vsadd_d,1.00,4.00,0.25
vsadd_du,1.00,4.00,0.25
vsadd_h,1.00,4.00,0.25
vsadd_hu,1.00,4.00,0.25
vsadd_w,1.00,4.00,0.25
vsadd_wu,1.00,4.00,0.25
vsat_b,2.00,2.00,0.50
vsat_bu,2.00,2.00,0.50
vsat_d,2.00,2.00,0.50
vsat_du,2.00,2.00,0.50
vsat_h,2.00,2.00,0.50
vsat_hu,2.00,2.00,0.50
vsat_w,2.00,2.00,0.50
vsat_wu,2.00,2.00,0.50
vseq_b,1.00,4.00,0.25
vseq_d,1.00,4.00,0.25
vseq_h,1.00,4.00,0.25
vseq_w,1.00,4.00,0.25
vseqi_b,1.00,4.00,0.25
vseqi_d,1.00,4.00,0.25
vseqi_h,1.00,4.00,0.25
vseqi_w,1.00,4.00,0.25
vsetallnez_b,,2.00,0.50
vsetallnez_d,,2.00,0.50
vsetallnez_h,,2.00,0.50
vsetallnez_w,,2.00,0.50
vsetanyeqz_b,,2.00,0.50
vsetanyeqz_d,,2.00,0.50
vsetanyeqz_h,,2.00,0.50
vsetanyeqz_w,,2.00,0.50
vseteqz_v,,2.00,0.50
vsetnez_v,,2.00,0.50
vshuf4i_b,1.00,4.00,0.25
vshuf4i_d,1.00,4.00,0.25
vshuf4i_h,1.00,4.00,0.25
vshuf4i_w,1.00,4.00,0.25
vshuf_b,1.00,2.00,0.50
vshuf_d,1.00,2.00,0.50
vshuf_h,1.00,2.00,0.50
vshuf_w,1.00,2.00,0.50
vsigncov_b,1.00,2.00,0.50
vsigncov_d,1.00,2.00,0.50
vsigncov_h,1.00,2.00,0.50
vsigncov_w,1.00,2.00,0.50
vsle_b,1.00,4.00,0.25
vsle_bu,1.00,4.00,0.25
vsle_d,2.00,4.00,0.25
vsle_du,2.00,4.00,0.25
vsle_h,1.00,4.00,0.25
vsle_hu,1.00,4.00,0.25
vsle_w,1.00,4.00,0.25
vsle_wu,1.00,4.00,0.25
vslei_b,1.00,4.00,0.25
vslei_bu,1.00,4.00,0.25
vslei_d,2.00,4.00,0.25
vslei_du,2.00,4.00,0.25
vslei_h,1.00,4.00,0.25
vslei_hu,1.00,4.00,0.25
vslei_w,1.00,4.00,0.25
vslei_wu,1.00,4.00,0.25
vsll_b,1.00,4.00,0.25
vsll_d,1.00,4.00,0.25
vsll_h,1.00,4.00,0.25
vsll_w,1.00,4.00,0.25
vslli_b,1.00,4.00,0.25
vslli_d,1.00,4.00,0.25
vslli_h,1.00,4.00,0.25
vslli_w,1.00,4.00,0.25
vsllwil_d_w,2.00,2.00,0.50
vsllwil_du_wu,2.00,2.00,0.50
vsllwil_h_b,2.00,2.00,0.50
vsllwil_hu_bu,2.00,2.00,0.50
vsllwil_w_h,2.00,2.00,0.50
vsllwil_wu_hu,2.00,2.00,0.50
vslt_b,1.00,4.00,0.25
vslt_bu,1.00,4.00,0.25
vslt_d,2.00,4.00,0.25
vslt_du,2.00,4.00,0.25
vslt_h,1.00,4.00,0.25
vslt_hu,1.00,4.00,0.25
vslt_w,1.00,4.00,0.25
vslt_wu,1.00,4.00,0.25
vslti_b,1.00,4.00,0.25
vslti_bu,1.00,4.00,0.25
vslti_d,2.00,4.00,0.25
vslti_du,2.00,4.00,0.25
vslti_h,1.00,4.00,0.25
vslti_hu,1.00,4.00,0.25
vslti_w,1.00,4.00,0.25
vslti_wu,1.00,4.00,0.25
vsra_b,1.00,4.00,0.25
vsra_d,1.00,4.00,0.25
vsra_h,1.00,4.00,0.25
vsra_w,1.00,4.00,0.25
vsrai_b,1.00,4.00,0.25
vsrai_d,1.00,4.00,0.25
vsrai_h,1.00,4.00,0.25
vsrai_w,1.00,4.00,0.25
vsran_b_h,2.00,2.00,0.50
vsran_h_w,2.00,2.00,0.50
vsran_w_d,2.00,2.00,0.50
vsrani_b_h,4.00,2.00,0.50
vsrani_d_q,3.00,2.00,0.50
vsrani_h_w,4.00,2.00,0.50
vsrani_w_d,4.00,2.00,0.50
vsrar_b,3.00,2.00,0.50
vsrar_d,3.00,2.00,0.50
vsrar_h,3.00,2.00,0.50
vsrar_w,3.00,2.00,0.50
vsrari_b,3.00,2.00,0.50
vsrari_d,3.00,2.00,0.50
vsrari_h,3.00,2.00,0.50
vsrari_w,3.00,2.00,0.50
vsrarn_b_h,4.00,2.00,0.50
vsrarn_h_w,4.00,2.00,0.50
vsrarn_w_d,4.00,2.00,0.50
vsrarni_b_h,4.00,2.00,0.50
vsrarni_d_q,3.00,2.00,0.50
vsrarni_h_w,4.00,2.00,0.50
vsrarni_w_d,4.00,2.00,0.50
vsrl_b,1.00,4.00,0.25
vsrl_d,1.00,4.00,0.25
vsrl_h,1.00,4.00,0.25
vsrl_w,1.00,4.00,0.25
vsrli_b,1.00,4.00,0.25
vsrli_d,1.00,4.00,0.25
vsrli_h,1.00,4.00,0.25
vsrli_w,1.00,4.00,0.25
vsrln_b_h,2.00,2.00,0.50
vsrln_h_w,2.00,2.00,0.50
vsrln_w_d,2.00,2.00,0.50
vsrlni_b_h,4.00,2.00,0.50
vsrlni_d_q,3.00,2.00,0.50
vsrlni_h_w,4.00,2.00,0.50
vsrlni_w_d,4.00,2.00,0.50
vsrlr_b,3.00,2.00,0.50
vsrlr_d,3.00,2.00,0.50
vsrlr_h,3.00,2.00,0.50
vsrlr_w,3.00,2.00,0.50
vsrlri_b,3.00,2.00,0.50
vsrlri_d,3.00,2.00,0.50
vsrlri_h,3.00,2.00,0.50
vsrlri_w,3.00,2.00,0.50
vsrlrn_b_h,4.00,2.00,0.50
vsrlrn_h_w,4.00,2.00,0.50
vsrlrn_w_d,4.00,2.00,0.50
vsrlrni_b_h,4.00,2.00,0.50
vsrlrni_d_q,3.00,2.00,0.50
vsrlrni_h_w,4.00,2.00,0.50
vsrlrni_w_d,4.00,2.00,0.50
vssran_b_h,4.00,2.00,0.50
vssran_bu_h,4.00,2.00,0.50
vssran_h_w,4.00,2.00,0.50
vssran_hu_w,4.00,2.00,0.50
vssran_w_d,4.00,2.00,0.50
vssran_wu_d,4.00,2.00,0.50
vssrani_b_h,4.00,2.00,0.50
vssrani_bu_h,4.00,2.00,0.50
vssrani_d_q,3.00,2.00,0.50
vssrani_du_q,3.00,2.00,0.50
vssrani_h_w,4.00,2.00,0.50
vssrani_hu_w,4.00,2.00,0.50
vssrani_w_d,4.00,2.00,0.50
vssrani_wu_d,4.00,2.00,0.50
vssrarn_b_h,4.00,2.00,0.50
vssrarn_bu_h,4.00,2.00,0.50
vssrarn_h_w,4.00,2.00,0.50
vssrarn_hu_w,4.00,2.00,0.50
vssrarn_w_d,4.00,2.00,0.50
vssrarn_wu_d,4.00,2.00,0.50
vssrarni_b_h,4.00,2.00,0.50
vssrarni_bu_h,4.00,2.00,0.50
vssrarni_d_q,3.00,2.00,0.50
vssrarni_du_q,3.00,2.00,0.50
vssrarni_h_w,4.00,2.00,0.50
vssrarni_hu_w,4.00,2.00,0.50
vssrarni_w_d,4.00,2.00,0.50
vssrarni_wu_d,4.00,2.00,0.50
vssrln_b_h,4.00,2.00,0.50
vssrln_bu_h,4.00,2.00,0.50
vssrln_h_w,4.00,2.00,0.50
vssrln_hu_w,4.00,2.00,0.50
vssrln_w_d,4.00,2.00,0.50
vssrln_wu_d,4.00,2.00,0.50
vssrlni_b_h,4.00,2.00,0.50
vssrlni_bu_h,4.00,2.00,0.50
vssrlni_d_q,3.00,2.00,0.50
vssrlni_du_q,3.00,2.00,0.50
vssrlni_h_w,4.00,2.00,0.50
vssrlni_hu_w,4.00,2.00,0.50
vssrlni_w_d,4.00,2.00,0.50
vssrlni_wu_d,4.00,2.00,0.50
vssrlrn_b_h,4.00,2.00,0.50
vssrlrn_bu_h,4.00,2.00,0.50
vssrlrn_h_w,4.00,2.00,0.50
vssrlrn_hu_w,4.00,2.00,0.50
vssrlrn_w_d,4.00,2.00,0.50
vssrlrn_wu_d,4.00,2.00,0.50
vssrlrni_b_h,4.00,2.00,0.50
vssrlrni_bu_h,4.00,2.00,0.50
vssrlrni_d_q,3.00,2.00,0.50
vssrlrni_du_q,3.00,2.00,0.50
vssrlrni_h_w,4.00,2.00,0.50
vssrlrni_hu_w,4.00,2.00,0.50
vssrlrni_w_d,4.00,2.00,0.50
vssrlrni_wu_d,4.00,2.00,0.50
vssub_b,1.00,4.00,0.25
vssub_bu,1.00,4.00,0.25
vssub_d,1.00,4.00,0.25
vssub_du,1.00,4.00,0.25
vssub_h,1.00,4.00,0.25
vssub_hu,1.00,4.00,0.25
vssub_w,1.00,4.00,0.25
vssub_wu,1.00,4.00,0.25
vsub_b,1.00,4.00,0.25
vsub_d,1.00,4.00,0.25
vsub_h,1.00,4.00,0.25
vsub_q,3.00,2.00,0.50
vsub_w,1.00,4.00,0.25
vsubi_bu,1.00,4.00,0.25
vsubi_du,1.00,4.00,0.25
vsubi_hu,1.00,4.00,0.25
vsubi_wu,1.00,4.00,0.25
vsubwev_d_w,2.00,2.00,0.50
vsubwev_d_wu,2.00,2.00,0.50
vsubwev_h_b,2.00,2.00,0.50
vsubwev_h_bu,2.00,2.00,0.50
vsubwev_q_d,3.00,2.00,0.50
vsubwev_q_du,3.00,2.00,0.50
vsubwev_w_h,2.00,2.00,0.50
vsubwev_w_hu,2.00,2.00,0.50
vsubwod_d_w,2.00,2.00,0.50
vsubwod_d_wu,2.00,2.00,0.50
vsubwod_h_b,2.00,2.00,0.50
vsubwod_h_bu,2.00,2.00,0.50
vsubwod_q_d,3.00,2.00,0.50
vsubwod_q_du,3.00,2.00,0.50
vsubwod_w_h,2.00,2.00,0.50
vsubwod_w_hu,2.00,2.00,0.50
vxor_v,1.00,4.00,0.25
vxori_b,1.00,4.00,0.25
xvabsd_b,2.00,2.00,0.50
xvabsd_bu,2.00,2.00,0.50
xvabsd_d,2.00,2.00,0.50
xvabsd_du,2.00,2.00,0.50
xvabsd_h,2.00,2.00,0.50
xvabsd_hu,2.00,2.00,0.50
xvabsd_w,2.00,2.00,0.50
xvabsd_wu,2.00,2.00,0.50
xvadd_b,1.00,4.00,0.25
xvadd_d,1.00,4.00,0.25
xvadd_h,1.00,4.00,0.25
xvadd_q,3.00,2.00,0.50
xvadd_w,1.00,4.00,0.25
xvadda_b,3.00,2.00,0.50
xvadda_d,3.00,2.00,0.50
xvadda_h,3.00,2.00,0.50
xvadda_w,3.00,2.00,0.50
xvaddi_bu,1.00,4.00,0.25
xvaddi_du,1.00,4.00,0.25
xvaddi_hu,1.00,4.00,0.25
xvaddi_wu,1.00,4.00,0.25
xvaddwev_d_w,2.00,2.00,0.50
xvaddwev_d_wu,2.00,2.00,0.50
xvaddwev_d_wu_w,2.00,2.00,0.50
xvaddwev_h_b,2.00,2.00,0.50
xvaddwev_h_bu,2.00,2.00,0.50
xvaddwev_h_bu_b,2.00,2.00,0.50
xvaddwev_q_d,3.00,2.00,0.50
xvaddwev_q_du,3.00,2.00,0.50
xvaddwev_q_du_d,3.00,2.00,0.50
xvaddwev_w_h,2.00,2.00,0.50
xvaddwev_w_hu,2.00,2.00,0.50
xvaddwev_w_hu_h,2.00,2.00,0.50
xvaddwod_d_w,2.00,2.00,0.50
xvaddwod_d_wu,2.00,2.00,0.50
xvaddwod_d_wu_w,2.00,2.00,0.50
xvaddwod_h_b,2.00,2.00,0.50
xvaddwod_h_bu,2.00,2.00,0.50
xvaddwod_h_bu_b,2.00,2.00,0.50
xvaddwod_q_d,3.00,2.00,0.50
xvaddwod_q_du,3.00,2.00,0.50
xvaddwod_q_du_d,3.00,2.00,0.50
xvaddwod_w_h,2.00,2.00,0.50
xvaddwod_w_hu,2.00,2.00,0.50
xvaddwod_w_hu_h,2.00,2.00,0.50
xvand_v,1.00,4.00,0.25
xvandi_b,1.00,4.00,0.25
xvandn_v,1.00,4.00,0.25
xvavg_b,1.00,4.00,0.25
xvavg_bu,1.00,4.00,0.25
xvavg_d,2.00,4.00,0.25
xvavg_du,2.00,4.00,0.25
xvavg_h,1.00,4.00,0.25
xvavg_hu,1.00,4.00,0.25
xvavg_w,1.00,4.00,0.25
xvavg_wu,1.00,4.00,0.25
xvavgr_b,1.00,4.00,0.25
xvavgr_bu,1.00,4.00,0.25
xvavgr_d,2.00,4.00,0.25
xvavgr_du,2.00,4.00,0.25
xvavgr_h,1.00,4.00,0.25
xvavgr_hu,1.00,4.00,0.25
xvavgr_w,1.00,4.00,0.25
xvavgr_wu,1.00,4.00,0.25
xvbitclr_b,2.00,2.00,0.50
xvbitclr_d,2.00,2.00,0.50
xvbitclr_h,2.00,2.00,0.50
xvbitclr_w,2.00,2.00,0.50
xvbitclri_b,2.00,2.00,0.50
xvbitclri_d,2.00,2.00,0.50
xvbitclri_h,2.00,2.00,0.50
xvbitclri_w,2.00,2.00,0.50
xvbitrev_b,2.00,2.00,0.50
xvbitrev_d,2.00,2.00,0.50
xvbitrev_h,2.00,2.00,0.50
xvbitrev_w,2.00,2.00,0.50
xvbitrevi_b,2.00,2.00,0.50
xvbitrevi_d,2.00,2.00,0.50
xvbitrevi_h,2.00,2.00,0.50
xvbitrevi_w,2.00,2.00,0.50
xvbitsel_v,1.00,2.00,0.50
xvbitseli_b,1.00,2.00,0.50
xvbitset_b,2.00,2.00,0.50
xvbitset_d,2.00,2.00,0.50
xvbitset_h,2.00,2.00,0.50
xvbitset_w,2.00,2.00,0.50
xvbitseti_b,2.00,2.00,0.50
xvbitseti_d,2.00,2.00,0.50
xvbitseti_h,2.00,2.00,0.50
xvbitseti_w,2.00,2.00,0.50
xvbsll_v,1.00,4.00,0.25
xvbsrl_v,1.00,4.00,0.25
xvclo_b,2.00,4.00,0.25
xvclo_d,2.00,4.00,0.25
xvclo_h,2.00,4.00,0.25
xvclo_w,2.00,4.00,0.25
xvclz_b,2.00,4.00,0.25
xvclz_d,2.00,4.00,0.25
xvclz_h,2.00,4.00,0.25
xvclz_w,2.00,4.00,0.25
xvdiv_b,29.00/32.50,0.07,13.50
xvdiv_bu,29.00/36.00,0.07,13.50
xvdiv_d,8.00/18.50,0.33,3.00
xvdiv_du,8.00/18.50,0.33,3.00
xvdiv_h,17.00/21.50,0.13,7.50
xvdiv_hu,17.00/21.50,0.13,7.50
xvdiv_w,11.00/17.50,0.22,4.50
xvdiv_wu,11.00/17.50,0.22,4.50
xvexth_d_w,1.00,4.00,0.25
xvexth_du_wu,1.00,4.00,0.25
xvexth_h_b,1.00,4.00,0.25
xvexth_hu_bu,1.00,4.00,0.25
xvexth_q_d,1.00,4.00,0.25
xvexth_qu_du,1.00,3.99,0.25
xvexth_w_h,1.00,4.00,0.25
xvexth_wu_hu,1.00,4.00,0.25
xvextl_q_d,1.00,4.00,0.25
xvextl_qu_du,1.00,4.00,0.25
xvextrins_b,1.00,4.00,0.25
xvextrins_d,1.00,4.00,0.25
xvextrins_h,1.00,4.00,0.25
xvextrins_w,1.00,4.00,0.25
xvfadd_d,3.00,4.00,0.25
xvfadd_s,3.00,4.00,0.25
xvfclass_d,2.00,4.00,0.25
xvfclass_s,2.00,4.00,0.25
xvfcmp_caf_d,2.00,4.00,0.25
xvfcmp_caf_s,2.00,4.00,0.25
xvfcmp_ceq_d,2.00,4.00,0.25
xvfcmp_ceq_s,2.00,4.00,0.25
xvfcmp_cle_d,2.00,4.00,0.25
xvfcmp_cle_s,2.00,4.00,0.25
xvfcmp_clt_d,2.00,4.00,0.25
xvfcmp_clt_s,2.00,4.00,0.25
xvfcmp_cne_d,2.00,4.00,0.25
xvfcmp_cne_s,2.00,4.00,0.25
xvfcmp_cor_d,2.00,4.00,0.25
xvfcmp_cor_s,2.00,4.00,0.25
xvfcmp_cueq_d,2.00,4.00,0.25
xvfcmp_cueq_s,2.00,4.00,0.25
xvfcmp_cule_d,2.00,4.00,0.25
xvfcmp_cule_s,2.00,4.00,0.25
xvfcmp_cult_d,2.00,4.00,0.25
xvfcmp_cult_s,2.00,3.99,0.25
xvfcmp_cun_d,2.00,4.00,0.25
xvfcmp_cun_s,2.00,4.00,0.25
xvfcmp_cune_d,2.00,4.00,0.25
xvfcmp_cune_s,2.00,4.00,0.25
xvfcmp_saf_d,2.00,4.00,0.25
xvfcmp_saf_s,2.00,3.99,0.25
xvfcmp_seq_d,2.00,4.00,0.25
xvfcmp_seq_s,2.00,4.00,0.25
xvfcmp_sle_d,2.00,4.00,0.25
xvfcmp_sle_s,2.00,4.00,0.25
xvfcmp_slt_d,2.00,4.00,0.25
xvfcmp_slt_s,2.00,4.00,0.25
xvfcmp_sne_d,2.00,4.00,0.25
xvfcmp_sne_s,2.00,4.00,0.25
xvfcmp_sor_d,2.00,4.00,0.25
xvfcmp_sor_s,2.00,4.00,0.25
xvfcmp_sueq_d,2.00,4.00,0.25
xvfcmp_sueq_s,2.00,4.00,0.25
xvfcmp_sule_d,2.00,4.00,0.25
xvfcmp_sule_s,2.00,4.00,0.25
xvfcmp_sult_d,2.00,4.00,0.25
xvfcmp_sult_s,2.00,3.99,0.25
xvfcmp_sun_d,2.00,4.00,0.25
xvfcmp_sun_s,2.00,4.00,0.25
xvfcmp_sune_d,2.00,4.00,0.25
xvfcmp_sune_s,2.00,4.00,0.25
xvfcvt_h_s,3.00,2.00,0.50
xvfcvt_s_d,3.00,2.00,0.50
xvfcvth_d_s,3.00,2.00,0.50
xvfcvth_s_h,3.00,2.00,0.50
xvfcvtl_d_s,3.00,2.00,0.50
xvfcvtl_s_h,3.00,2.00,0.50
xvfdiv_d,8.00/16.50,0.33,3.00
xvfdiv_s,11.00,0.22,4.50
xvffint_d_l,4.00,4.00,0.25
xvffint_d_lu,4.00,4.00,0.25
xvffint_s_l,5.00,2.00,0.50
xvffint_s_w,4.00,4.00,0.25
xvffint_s_wu,4.00,4.00,0.25
xvffinth_d_w,5.00,2.00,0.50
xvffintl_d_w,5.00,2.00,0.50
xvflogb_d,4.00,4.00,0.25
xvflogb_s,4.00,4.00,0.25
xvfmadd_d,5.00,2.00,0.50
xvfmadd_s,5.00,2.00,0.50
xvfmax_d,2.00,4.00,0.25
xvfmax_s,2.00,4.00,0.25
xvfmaxa_d,2.00,4.00,0.25
xvfmaxa_s,2.00,4.00,0.25
xvfmin_d,2.00,4.00,0.25
xvfmin_s,2.00,4.00,0.25
xvfmina_d,2.00,4.00,0.25
xvfmina_s,2.00,4.00,0.25
xvfmsub_d,5.00,2.00,0.50
xvfmsub_s,5.00,2.00,0.50
xvfmul_d,5.00,2.00,0.50
xvfmul_s,5.00,2.00,0.50
xvfnmadd_d,5.00,2.00,0.50
xvfnmadd_s,5.00,2.00,0.50
xvfnmsub_d,5.00,2.00,0.50
xvfnmsub_s,5.00,2.00,0.50
xvfrecip_d,23.00,0.10,10.50
xvfrecip_s,27.00,0.12,8.50
xvfrint_d,4.00,2.00,0.50
xvfrint_s,4.00,2.00,0.50
xvfrintrm_d,4.00,2.00,0.50
xvfrintrm_s,4.00,2.00,0.50
xvfrintrne_d,4.00,2.00,0.50
xvfrintrne_s,4.00,2.00,0.50
xvfrintrp_d,4.00,2.00,0.50
xvfrintrp_s,4.00,2.00,0.50
xvfrintrz_d,4.00,2.00,0.50
xvfrintrz_s,4.00,2.00,0.50
xvfrsqrt_d,15.00,0.04,26.00
xvfrsqrt_s,25.00,0.11,9.50
xvfrstp_b,2.00,2.00,0.50
xvfrstp_h,2.00,2.00,0.50
xvfrstpi_b,2.00,2.00,0.50
xvfrstpi_h,2.00,2.00,0.50
xvfscaleb_d,4.00,2.00,0.50
xvfscaleb_s,4.00,2.00,0.50
xvfsqrt_d,36.00,0.06,17.00
xvfsqrt_s,25.00,0.09,11.50
xvfsub_d,3.00,4.00,0.25
xvfsub_s,3.00,4.00,0.25
xvftint_l_d,4.00,4.00,0.25
xvftint_lu_d,4.00,4.00,0.25
xvftint_w_d,5.00,2.00,0.50
xvftint_w_s,4.00,4.00,0.25
xvftint_wu_s,4.00,4.00,0.25
xvftinth_l_s,5.00,2.00,0.50
xvftintl_l_s,5.00,2.00,0.50
xvftintrm_l_d,4.00,4.00,0.25
xvftintrm_w_d,5.00,2.00,0.50
xvftintrm_w_s,4.00,4.00,0.25
xvftintrmh_l_s,5.00,2.00,0.50
xvftintrml_l_s,5.00,2.00,0.50
xvftintrne_l_d,4.00,3.99,0.25
xvftintrne_w_d,5.00,2.00,0.50
xvftintrne_w_s,4.00,3.99,0.25
xvftintrneh_l_s,5.00,2.00,0.50
xvftintrnel_l_s,5.00,2.00,0.50
xvftintrp_l_d,4.00,3.99,0.25
xvftintrp_w_d,5.00,2.00,0.50
xvftintrp_w_s,4.00,4.00,0.25
xvftintrph_l_s,5.00,2.00,0.50
xvftintrpl_l_s,5.00,2.00,0.50
xvftintrz_l_d,4.00,3.99,0.25
xvftintrz_lu_d,4.00,4.00,0.25
xvftintrz_w_d,5.00,2.00,0.50
xvftintrz_w_s,4.00,3.99,0.25
xvftintrz_wu_s,4.00,3.99,0.25
xvftintrzh_l_s,5.00,2.00,0.50
xvftintrzl_l_s,5.00,2.00,0.50
xvhaddw_d_w,2.00,2.00,0.50
xvhaddw_du_wu,2.00,2.00,0.50
xvhaddw_h_b,2.00,2.00,0.50
xvhaddw_hu_bu,2.00,2.00,0.50
xvhaddw_q_d,3.00,2.00,0.50
xvhaddw_qu_du,3.00,2.00,0.50
xvhaddw_w_h,2.00,2.00,0.50
xvhaddw_wu_hu,2.00,2.00,0.50
xvhseli_d,1.00,1.00,1.00
xvhsubw_d_w,2.00,2.00,0.50
xvhsubw_du_wu,2.00,2.00,0.50
xvhsubw_h_b,2.00,2.00,0.50
xvhsubw_hu_bu,2.00,2.00,0.50
xvhsubw_q_d,3.00,2.00,0.50
xvhsubw_qu_du,3.00,2.00,0.50
xvhsubw_w_h,2.00,2.00,0.50
xvhsubw_wu_hu,2.00,2.00,0.50
xvilvh_b,1.00,4.00,0.25
xvilvh_d,1.00,4.00,0.25
xvilvh_h,1.00,4.00,0.25
xvilvh_w,1.00,4.00,0.25
xvilvl_b,1.00,4.00,0.25
xvilvl_d,1.00,4.00,0.25
xvilvl_h,1.00,4.00,0.25
xvilvl_w,1.00,4.00,0.25
xvinsgr2vr_d,1.00,1.00,1.00
xvinsgr2vr_w,1.00,1.00,1.00
xvinsve0_d,1.00,4.00,0.25
xvinsve0_w,1.00,3.99,0.25
xvmadd_b,4.00,2.00,0.50
xvmadd_d,4.00,2.00,0.50
xvmadd_h,4.00,2.00,0.50
xvmadd_w,4.00,2.00,0.50
xvmaddwev_d_w,4.00,2.00,0.50
xvmaddwev_d_wu,4.00,2.00,0.50
xvmaddwev_d_wu_w,4.00,2.00,0.50
xvmaddwev_h_b,4.00,2.00,0.50
xvmaddwev_h_bu,4.00,2.00,0.50
xvmaddwev_h_bu_b,4.00,2.00,0.50
xvmaddwev_q_d,7.00,1.14,0.88
xvmaddwev_q_du,7.00,1.14,0.87
xvmaddwev_q_du_d,7.00,1.14,0.87
xvmaddwev_w_h,4.00,2.00,0.50
xvmaddwev_w_hu,4.00,2.00,0.50
xvmaddwev_w_hu_h,4.00,2.00,0.50
xvmaddwod_d_w,4.00,2.00,0.50
xvmaddwod_d_wu,4.00,2.00,0.50
xvmaddwod_d_wu_w,4.00,2.00,0.50
xvmaddwod_h_b,4.00,2.00,0.50
xvmaddwod_h_bu,4.00,2.00,0.50
xvmaddwod_h_bu_b,4.00,2.00,0.50
xvmaddwod_q_d,7.00,1.14,0.87
xvmaddwod_q_du,7.00,1.14,0.87
xvmaddwod_q_du_d,7.00,1.14,0.87
xvmaddwod_w_h,4.00,2.00,0.50
xvmaddwod_w_hu,4.00,2.00,0.50
xvmaddwod_w_hu_h,4.00,2.00,0.50
xvmax_b,1.00,4.00,0.25
xvmax_bu,1.00,4.00,0.25
xvmax_d,2.00,4.00,0.25
xvmax_du,2.00,4.00,0.25
xvmax_h,1.00,4.00,0.25
xvmax_hu,1.00,3.99,0.25
xvmax_w,1.00,4.00,0.25
xvmax_wu,1.00,4.00,0.25
xvmaxi_b,1.00,4.00,0.25
xvmaxi_bu,1.00,4.00,0.25
xvmaxi_d,2.00,4.00,0.25
xvmaxi_du,2.00,4.00,0.25
xvmaxi_h,1.00,4.00,0.25
xvmaxi_hu,1.00,4.00,0.25
xvmaxi_w,1.00,4.00,0.25
xvmaxi_wu,1.00,4.00,0.25
xvmin_b,1.00,3.99,0.25
xvmin_bu,1.00,4.00,0.25
xvmin_d,2.00,3.99,0.25
xvmin_du,2.00,4.00,0.25
xvmin_h,1.00,4.00,0.25
xvmin_hu,1.00,4.00,0.25
xvmin_w,1.00,4.00,0.25
xvmin_wu,1.00,4.00,0.25
xvmini_b,1.00,4.00,0.25
xvmini_bu,1.00,4.00,0.25
xvmini_d,2.00,4.00,0.25
xvmini_du,2.00,4.00,0.25
xvmini_h,1.00,4.00,0.25
xvmini_hu,1.00,4.00,0.25
xvmini_w,1.00,4.00,0.25
xvmini_wu,1.00,4.00,0.25
xvmod_b,29.00,0.07,13.50
xvmod_bu,29.00,0.07,13.50
xvmod_d,8.00,0.33,3.00
xvmod_du,8.00,0.33,3.00
xvmod_h,17.00,0.13,7.50
xvmod_hu,17.00,0.13,7.50
xvmod_w,11.00,0.22,4.50
xvmod_wu,11.00,0.22,4.50
xvmskgez_b,1.00,4.00,0.25
xvmskltz_b,1.00,4.00,0.25
xvmskltz_d,1.00,4.00,0.25
xvmskltz_h,1.00,4.00,0.25
xvmskltz_w,1.00,4.00,0.25
xvmsknz_b,1.00,4.00,0.25
xvmsub_b,4.00,2.00,0.50
xvmsub_d,4.00,2.00,0.50
xvmsub_h,4.00,2.00,0.50
xvmsub_w,4.00,2.00,0.50
xvmuh_b,4.00,2.00,0.50
xvmuh_bu,4.00,2.00,0.50
xvmuh_d,4.00,2.00,0.50
xvmuh_du,4.00,2.00,0.50
xvmuh_h,4.00,2.00,0.50
xvmuh_hu,4.00,2.00,0.50
xvmuh_w,4.00,2.00,0.50
xvmuh_wu,4.00,2.00,0.50
xvmul_b,4.00,2.00,0.50
xvmul_d,4.00,2.00,0.50
xvmul_h,4.00,2.00,0.50
xvmul_w,4.00,2.00,0.50
xvmulwev_d_w,4.00,2.00,0.50
xvmulwev_d_wu,4.00,2.00,0.50
xvmulwev_d_wu_w,4.00,2.00,0.50
xvmulwev_h_b,4.00,2.00,0.50
xvmulwev_h_bu,4.00,2.00,0.50
xvmulwev_h_bu_b,4.00,2.00,0.50
xvmulwev_q_d,7.00,2.00,0.50
xvmulwev_q_du,7.00,2.00,0.50
xvmulwev_q_du_d,7.00,2.00,0.50
xvmulwev_w_h,4.00,2.00,0.50
xvmulwev_w_hu,4.00,2.00,0.50
xvmulwev_w_hu_h,4.00,2.00,0.50
xvmulwod_d_w,4.00,2.00,0.50
xvmulwod_d_wu,4.00,2.00,0.50
xvmulwod_d_wu_w,4.00,2.00,0.50
xvmulwod_h_b,4.00,2.00,0.50
xvmulwod_h_bu,4.00,2.00,0.50
xvmulwod_h_bu_b,4.00,2.00,0.50
xvmulwod_q_d,7.00,2.00,0.50
xvmulwod_q_du,7.00,2.00,0.50
xvmulwod_q_du_d,7.00,2.00,0.50
xvmulwod_w_h,4.00,2.00,0.50
xvmulwod_w_hu,4.00,2.00,0.50
xvmulwod_w_hu_h,4.00,2.00,0.50
xvneg_b,1.00,4.00,0.25
xvneg_d,1.00,4.00,0.25
xvneg_h,1.00,4.00,0.25
xvneg_w,1.00,4.00,0.25
xvnor_v,1.00,4.00,0.25
xvnori_b,1.00,4.00,0.25
xvor_v,1.00,4.00,0.25
xvori_b,1.00,4.00,0.25
xvorn_v,1.00,4.00,0.25
xvpackev_b,1.00,4.00,0.25
xvpackev_d,1.00,3.99,0.25
xvpackev_h,1.00,4.00,0.25
xvpackev_w,1.00,4.00,0.25
xvpackod_b,1.00,4.00,0.25
xvpackod_d,1.00,4.00,0.25
xvpackod_h,1.00,4.00,0.25
xvpackod_w,1.00,4.00,0.25
xvpcnt_b,2.00,2.00,0.50
xvpcnt_d,2.00,2.00,0.50
xvpcnt_h,2.00,2.00,0.50
xvpcnt_w,2.00,2.00,0.50
xvperm_w,3.00,4.00,0.25
xvpermi_d,3.00,4.00,0.25
xvpermi_q,3.00,2.67,0.38
xvpermi_w,1.00,4.00,0.25
xvpickev_b,1.00,4.00,0.25
xvpickev_d,1.00,4.00,0.25
xvpickev_h,1.00,4.00,0.25
xvpickev_w,1.00,4.00,0.25
xvpickod_b,1.00,4.00,0.25
xvpickod_d,1.00,3.99,0.25
xvpickod_h,1.00,4.00,0.25
xvpickod_w,1.00,4.00,0.25
xvpickve2gr_d,1.00,1.00,1.00
xvpickve2gr_du,1.00,1.00,1.00
xvpickve2gr_w,1.00,1.00,1.00
xvpickve2gr_wu,1.00,1.00,1.00
xvpickve_d,3.00,4.00,0.25
xvpickve_w,3.00,4.00,0.25
xvrepl128vei_b,1.00,4.00,0.25
xvrepl128vei_d,1.00,4.00,0.25
xvrepl128vei_h,1.00,4.00,0.25
xvrepl128vei_w,1.00,4.00,0.25
xvreplgr2vr_b,,1.00,1.00
xvreplgr2vr_d,,1.00,1.00
xvreplgr2vr_h,,1.00,1.00
xvreplgr2vr_w,,1.00,1.00
xvrepli_b,,5.96,0.17
xvrepli_d,,4.00,0.25
xvrepli_h,,4.00,0.25
xvrepli_w,,4.00,0.25
xvreplve0_b,3.00,4.00,0.25
xvreplve0_d,3.00,3.99,0.25
xvreplve0_h,3.00,4.00,0.25
xvreplve0_q,3.00,4.00,0.25
xvreplve0_w,3.00,4.00,0.25
xvreplve_b,1.00,1.00,1.00
xvreplve_d,1.00,1.00,1.00
xvreplve_h,1.00,1.00,1.00
xvreplve_w,1.00,1.00,1.00
xvrotr_b,1.00,4.00,0.25
xvrotr_d,1.00,4.00,0.25
xvrotr_h,1.00,4.00,0.25
xvrotr_w,1.00,4.00,0.25
xvrotri_b,1.00,4.00,0.25
xvrotri_d,1.00,4.00,0.25
xvrotri_h,1.00,4.00,0.25
xvrotri_w,1.00,4.00,0.25
xvsadd_b,1.00,4.00,0.25
xvsadd_bu,1.00,4.00,0.25
xvsadd_d,1.00,4.00,0.25
xvsadd_du,1.00,3.99,0.25
xvsadd_h,1.00,3.99,0.25
xvsadd_hu,1.00,3.99,0.25
xvsadd_w,1.00,4.00,0.25
xvsadd_wu,1.00,4.00,0.25
xvsat_b,2.00,2.00,0.50
xvsat_bu,2.00,2.00,0.50
xvsat_d,2.00,2.00,0.50
xvsat_du,2.00,2.00,0.50
xvsat_h,2.00,2.00,0.50
xvsat_hu,2.00,2.00,0.50
xvsat_w,2.00,2.00,0.50
xvsat_wu,2.00,2.00,0.50
xvseq_b,1.00,3.99,0.25
xvseq_d,1.00,4.00,0.25
xvseq_h,1.00,4.00,0.25
xvseq_w,1.00,4.00,0.25
xvseqi_b,1.00,4.00,0.25
xvseqi_d,1.00,4.00,0.25
xvseqi_h,1.00,4.00,0.25
xvseqi_w,1.00,4.00,0.25
xvsetallnez_b,,2.00,0.50
xvsetallnez_d,,2.00,0.50
xvsetallnez_h,,2.00,0.50
xvsetallnez_w,,2.00,0.50
xvsetanyeqz_b,,2.00,0.50
xvsetanyeqz_d,,2.00,0.50
xvsetanyeqz_h,,2.00,0.50
xvsetanyeqz_w,,2.00,0.50
xvseteqz_v,,2.00,0.50
xvsetnez_v,,2.00,0.50
xvshuf4i_b,1.00,4.00,0.25
xvshuf4i_d,1.00,4.00,0.25
xvshuf4i_h,1.00,4.00,0.25
xvshuf4i_w,1.00,3.99,0.25
xvshuf_b,1.00,2.00,0.50
xvshuf_d,1.00,2.00,0.50
xvshuf_h,1.00,2.00,0.50
xvshuf_w,1.00,2.00,0.50
xvsigncov_b,1.00,2.00,0.50
xvsigncov_d,1.00,2.00,0.50
xvsigncov_h,1.00,2.00,0.50
xvsigncov_w,1.00,2.00,0.50
xvsle_b,1.00,4.00,0.25
xvsle_bu,1.00,4.00,0.25
xvsle_d,2.00,4.00,0.25
xvsle_du,2.00,4.00,0.25
xvsle_h,1.00,4.00,0.25
xvsle_hu,1.00,4.00,0.25
xvsle_w,1.00,4.00,0.25
xvsle_wu,1.00,4.00,0.25
xvslei_b,1.00,4.00,0.25
xvslei_bu,1.00,4.00,0.25
xvslei_d,2.00,4.00,0.25
xvslei_du,2.00,4.00,0.25
xvslei_h,1.00,4.00,0.25
xvslei_hu,1.00,4.00,0.25
xvslei_w,1.00,4.00,0.25
xvslei_wu,1.00,4.00,0.25
xvsll_b,1.00,4.00,0.25
xvsll_d,1.00,4.00,0.25
xvsll_h,1.00,4.00,0.25
xvsll_w,1.00,4.00,0.25
xvslli_b,1.00,4.00,0.25
xvslli_d,1.00,4.00,0.25
xvslli_h,1.00,4.00,0.25
xvslli_w,1.00,4.00,0.25
xvsllwil_d_w,2.00,2.00,0.50
xvsllwil_du_wu,2.00,2.00,0.50
xvsllwil_h_b,2.00,2.00,0.50
xvsllwil_hu_bu,2.00,2.00,0.50
xvsllwil_w_h,2.00,2.00,0.50
xvsllwil_wu_hu,2.00,2.00,0.50
xvslt_b,1.00,4.00,0.25
xvslt_bu,1.00,4.00,0.25
xvslt_d,2.00,4.00,0.25
xvslt_du,2.00,4.00,0.25
xvslt_h,1.00,4.00,0.25
xvslt_hu,1.00,4.00,0.25
xvslt_w,1.00,4.00,0.25
xvslt_wu,1.00,4.00,0.25
xvslti_b,1.00,4.00,0.25
xvslti_bu,1.00,4.00,0.25
xvslti_d,2.00,4.00,0.25
xvslti_du,2.00,4.00,0.25
xvslti_h,1.00,4.00,0.25
xvslti_hu,1.00,4.00,0.25
xvslti_w,1.00,4.00,0.25
xvslti_wu,1.00,4.00,0.25
xvsra_b,1.00,4.00,0.25
xvsra_d,1.00,4.00,0.25
xvsra_h,1.00,4.00,0.25
xvsra_w,1.00,4.00,0.25
xvsrai_b,1.00,4.00,0.25
xvsrai_d,1.00,4.00,0.25
xvsrai_h,1.00,4.00,0.25
xvsrai_w,1.00,4.00,0.25
xvsran_b_h,2.00,2.00,0.50
xvsran_h_w,2.00,2.00,0.50
xvsran_w_d,2.00,2.00,0.50
xvsrani_b_h,4.00,2.00,0.50
xvsrani_d_q,3.00,2.00,0.50
xvsrani_h_w,4.00,2.00,0.50
xvsrani_w_d,4.00,2.00,0.50
xvsrar_b,3.00,2.00,0.50
xvsrar_d,3.00,2.00,0.50
xvsrar_h,3.00,2.00,0.50
xvsrar_w,3.00,2.00,0.50
xvsrari_b,3.00,2.00,0.50
xvsrari_d,3.00,2.00,0.50
xvsrari_h,3.00,2.00,0.50
xvsrari_w,3.00,2.00,0.50
xvsrarn_b_h,4.00,2.00,0.50
xvsrarn_h_w,4.00,2.00,0.50
xvsrarn_w_d,4.00,2.00,0.50
xvsrarni_b_h,4.00,2.00,0.50
xvsrarni_d_q,3.00,2.00,0.50
xvsrarni_h_w,4.00,2.00,0.50
xvsrarni_w_d,4.00,2.00,0.50
xvsrl_b,1.00,4.00,0.25
xvsrl_d,1.00,4.00,0.25
xvsrl_h,1.00,4.00,0.25
xvsrl_w,1.00,4.00,0.25
xvsrli_b,1.00,4.00,0.25
xvsrli_d,1.00,4.00,0.25
xvsrli_h,1.00,4.00,0.25
xvsrli_w,1.00,4.00,0.25
xvsrln_b_h,2.00,2.00,0.50
xvsrln_h_w,2.00,2.00,0.50
xvsrln_w_d,2.00,2.00,0.50
xvsrlni_b_h,4.00,2.00,0.50
xvsrlni_d_q,3.00,2.00,0.50
xvsrlni_h_w,4.00,2.00,0.50
xvsrlni_w_d,4.00,2.00,0.50
xvsrlr_b,3.00,2.00,0.50
xvsrlr_d,3.00,2.00,0.50
xvsrlr_h,3.00,2.00,0.50
xvsrlr_w,3.00,2.00,0.50
xvsrlri_b,3.00,2.00,0.50
xvsrlri_d,3.00,2.00,0.50
xvsrlri_h,3.00,2.00,0.50
xvsrlri_w,3.00,2.00,0.50
xvsrlrn_b_h,4.00,2.00,0.50
xvsrlrn_h_w,4.00,2.00,0.50
xvsrlrn_w_d,4.00,2.00,0.50
xvsrlrni_b_h,4.00,2.00,0.50
xvsrlrni_d_q,3.00,2.00,0.50
xvsrlrni_h_w,4.00,2.00,0.50
xvsrlrni_w_d,4.00,2.00,0.50
xvssran_b_h,4.00,2.00,0.50
xvssran_bu_h,4.00,2.00,0.50
xvssran_h_w,4.00,2.00,0.50
xvssran_hu_w,4.00,2.00,0.50
xvssran_w_d,4.00,2.00,0.50
xvssran_wu_d,4.00,2.00,0.50
xvssrani_b_h,4.00,2.00,0.50
xvssrani_bu_h,4.00,2.00,0.50
xvssrani_d_q,3.00,2.00,0.50
xvssrani_du_q,3.00,2.00,0.50
xvssrani_h_w,4.00,2.00,0.50
xvssrani_hu_w,4.00,2.00,0.50
xvssrani_w_d,4.00,2.00,0.50
xvssrani_wu_d,4.00,2.00,0.50
xvssrarn_b_h,4.00,2.00,0.50
xvssrarn_bu_h,4.00,2.00,0.50
xvssrarn_h_w,4.00,2.00,0.50
xvssrarn_hu_w,4.00,2.00,0.50
xvssrarn_w_d,4.00,2.00,0.50
xvssrarn_wu_d,4.00,2.00,0.50
xvssrarni_b_h,4.00,2.00,0.50
xvssrarni_bu_h,4.00,2.00,0.50
xvssrarni_d_q,3.00,2.00,0.50
xvssrarni_du_q,3.00,2.00,0.50
xvssrarni_h_w,4.00,2.00,0.50
xvssrarni_hu_w,4.00,2.00,0.50
xvssrarni_w_d,4.00,2.00,0.50
xvssrarni_wu_d,4.00,2.00,0.50
xvssrln_b_h,4.00,2.00,0.50
xvssrln_bu_h,4.00,2.00,0.50
xvssrln_h_w,4.00,2.00,0.50
xvssrln_hu_w,4.00,2.00,0.50
xvssrln_w_d,4.00,2.00,0.50
xvssrln_wu_d,4.00,2.00,0.50
xvssrlni_b_h,4.00,2.00,0.50
xvssrlni_bu_h,4.00,1.98,0.51
xvssrlni_d_q,3.00,2.00,0.50
xvssrlni_du_q,3.00,2.00,0.50
xvssrlni_h_w,4.00,2.00,0.50
xvssrlni_hu_w,4.00,2.00,0.50
xvssrlni_w_d,4.00,2.00,0.50
xvssrlni_wu_d,4.00,2.00,0.50
xvssrlrn_b_h,4.00,2.00,0.50
xvssrlrn_bu_h,4.00,2.00,0.50
xvssrlrn_h_w,4.00,2.00,0.50
xvssrlrn_hu_w,4.00,2.00,0.50
xvssrlrn_w_d,4.00,2.00,0.50
xvssrlrn_wu_d,4.00,2.00,0.50
xvssrlrni_b_h,4.00,2.00,0.50
xvssrlrni_bu_h,4.00,2.00,0.50
xvssrlrni_d_q,3.00,2.00,0.50
xvssrlrni_du_q,3.00,2.00,0.50
xvssrlrni_h_w,4.00,2.00,0.50
xvssrlrni_hu_w,4.00,2.00,0.50
xvssrlrni_w_d,4.00,2.00,0.50
xvssrlrni_wu_d,4.00,2.00,0.50
xvssub_b,1.00,4.00,0.25
xvssub_bu,1.00,4.00,0.25
xvssub_d,1.00,4.00,0.25
xvssub_du,1.00,3.99,0.25
xvssub_h,1.00,3.99,0.25
xvssub_hu,1.00,4.00,0.25
xvssub_w,1.00,4.00,0.25
xvssub_wu,1.00,4.00,0.25
xvsub_b,1.00,4.00,0.25
xvsub_d,1.00,4.00,0.25
xvsub_h,1.00,4.00,0.25
xvsub_q,3.00,2.00,0.50
xvsub_w,1.00,4.00,0.25
xvsubi_bu,1.00,4.00,0.25
xvsubi_du,1.00,4.00,0.25
xvsubi_hu,1.00,4.00,0.25
xvsubi_wu,1.00,4.00,0.25
xvsubwev_d_w,2.00,2.00,0.50
xvsubwev_d_wu,2.00,2.00,0.50
xvsubwev_h_b,2.00,2.00,0.50
xvsubwev_h_bu,2.00,2.00,0.50
xvsubwev_q_d,3.00,2.00,0.50
xvsubwev_q_du,3.00,2.00,0.50
xvsubwev_w_h,2.00,2.00,0.50
xvsubwev_w_hu,2.00,2.00,0.50
xvsubwod_d_w,2.00,2.00,0.50
xvsubwod_d_wu,2.00,2.00,0.50
xvsubwod_h_b,2.00,2.00,0.50
xvsubwod_h_bu,2.00,2.00,0.50
xvsubwod_q_d,3.00,2.00,0.50
xvsubwod_q_du,3.00,2.00,0.50
xvsubwod_w_h,2.00,2.00,0.50
xvsubwod_w_hu,2.00,2.00,0.50
xvxor_v,1.00,4.00,0.25
xvxori_b,1.00,4.00,0.25
